id,geo_point_2d,geo_shape,clave_cat,delegacion,perimetro,tipo,nom_id
0,"19.424781053,-99.1327537959","{""type"": ""Polygon"", ""coordinates"": [[[-99.13320717470057, 19.423938618803337], [-99.13319852684323, 19.424010128924547], [-99.13318237018329, 19.424168338503964], [-99.13318227479144, 19.42416934989089], [-99.13313488063751, 19.424503330361187], [-99.13307981078493, 19.42490119943712], [-99.13305639015226, 19.425065304485827], [-99.13302954738155, 19.425253474897964], [-99.1330096535818, 19.425392873424844], [-99.13295953610789, 19.425728478759673], [-99.13228612358446, 19.42568712817584], [-99.13226411720453, 19.4256857784603], [-99.13237746305666, 19.424962600693437], [-99.13256844794329, 19.42388232133011], [-99.1325805636821, 19.423796796713326], [-99.13272662782495, 19.42381772956979], [-99.13286232772688, 19.423832880916162], [-99.13302445376655, 19.423832649283614], [-99.13314268253822, 19.423825889422318], [-99.1331324902859, 19.42386286701231], [-99.13318558367915, 19.423862633034744], [-99.13318564207721, 19.423856374979596], [-99.13320539229298, 19.423858103443283], [-99.13321678555052, 19.423859098896056], [-99.13320717470057, 19.423938618803337]]]}",307_130_11,Cuauhtémoc,B,Mercado,Pino Suárez
1,"19.4346139576,-99.1413808393","{""type"": ""MultiPoint"", ""coordinates"": [[-99.14138083925988, 19.434613957598458]]}",002_008_01,Cuautémoc,A,Museo,Museo Nacional de Arquitectura Palacio de Bellas A
2,"19.4340695945,-99.1306348409","{""type"": ""MultiPoint"", ""coordinates"": [[-99.13063484089024, 19.434069594530452]]}",006_002_12,Cuautémoc,A,Museo,Santa Teresa
3,"19.42489472,-99.12073393","{""type"": ""MultiPoint"", ""coordinates"": [[-99.12073392999999, 19.42489472]]}",323_102_06,Venustiano Carranza,B,Hotel,Balbuena
4,"19.42358238,-99.12451093","{""type"": ""MultiPoint"", ""coordinates"": [[-99.12451092999999, 19.42358238]]}",323_115_12,Venustiano Carranza,B,Hotel,real
5,"19.4263287068,-99.1207277209","{""type"": ""MultiPoint"", ""coordinates"": [[-99.12072772086579, 19.426328706826876]]}",323_161_11,Venustiano Carranza,B,Hotel,Baño San Tiago
6,"19.43553422,-99.12324801","{""type"": ""MultiPoint"", ""coordinates"": [[-99.12324800999998, 19.43553422]]}",318_116_11,Venustiano Carranza,B,Hotel,San Antonio Tomatlan
7,"19.436244494,-99.1477350326","{""type"": ""MultiPoint"", ""coordinates"": [[-99.14773503261263, 19.436244493994174]]}",002_004-03,Cuautémoc,B,Hotel,Fontan Reforma
8,"19.4343402009,-99.148212127","{""type"": ""MultiPoint"", ""coordinates"": [[-99.14821212696202, 19.434340200937733]]}",002_014_17,Cuautémoc,B,Hotel,Ambassador
9,"19.4407152937,-99.1498060057","{""type"": ""MultiPoint"", ""coordinates"": [[-99.14980600566317, 19.440715293696577]]}",012_146_22,Cuautémoc,B,Hotel,Detroit
10,"19.4441424478,-99.14600807","{""type"": ""MultiPoint"", ""coordinates"": [[-99.1460080699949, 19.44414244783672]]}",003_048_10,Cuautémoc,B,Hotel,Moctezuma
11,"19.4219963186,-99.1437414652","{""type"": ""MultiPoint"", ""coordinates"": [[-99.14374146521517, 19.42199631856425]]}",002_103_18,Cuautémoc,B,Hotel,Faro
12,"19.43990186,-99.14813347","{""type"": ""MultiPoint"", ""coordinates"": [[-99.14813346999998, 19.43990186]]}",003_079_16,Cuautémoc,B,Hotel,La Paz
13,"19.43878785,-99.1490443182","{""type"": ""MultiPoint"", ""coordinates"": [[-99.14904431817769, 19.43878784999821]]}",012_147_02,Cuautémoc,B,Hotel,Monaco
14,"19.4338441801,-99.1342731052","{""type"": ""MultiPoint"", ""coordinates"": [[-99.13427310521516, 19.433844180050393]]}",001_010_01,Cuautémoc,A,Hotel,Holiday inn Zocalo Ciudad de México
15,"19.42413788,-99.1324515","{""type"": ""MultiPoint"", ""coordinates"": [[-99.13245149999997, 19.42413788]]}",307_153_11,Cuautémoc,B,Hotel,San Lucas
16,"19.436811768,-99.1342853473","{""type"": ""MultiPoint"", ""coordinates"": [[-99.13428534732718, 19.43681176800748]]}",004_092_29,Cuautémoc,A,Hotel,República
17,"19.4316993602,-99.1461913295","{""type"": ""MultiPoint"", ""coordinates"": [[-99.14619132948, 19.43169936024323]]}",002_039_09,Cuautémoc,B,Museo,Secretaria de la Seguridad Pública del Distrito Fe
18,"19.4331161255,-99.1309438719","{""type"": ""MultiPoint"", ""coordinates"": [[-99.13094387186607, 19.43311612548643]]}",006_021_01,Cuautémoc,A,Museo,Museo Nacional de las Culturas
19,"19.4317119617,-99.1269115285","{""type"": ""MultiPoint"", ""coordinates"": [[-99.12691152854697, 19.43171196171833]]}",006_026_28,Cuautémoc,A,Museo,Alondiga La Merced
20,"19.4357307042,-99.1326583218","{""type"": ""MultiPoint"", ""coordinates"": [[-99.13265832178054, 19.43573070424011]]}",004_098_26,Cuautémoc,A,Museo,La Caricatura
21,"19.43614459,-99.13945267","{""type"": ""MultiPoint"", ""coordinates"": [[-99.13945266999997, 19.43614459]]}",004_098_01,Cuautémoc,A,Museo,Telégrafo
22,"19.4348361174,-99.1467786287","{""type"": ""MultiPoint"", ""coordinates"": [[-99.14677862869364, 19.434836117365737]]}",002_015_01,Cuautémoc,B,Hotel,Fiesta Inn
23,"19.4390916028,-99.1493421468","{""type"": ""MultiPoint"", ""coordinates"": [[-99.14934214677974, 19.43909160278728]]}",012_147_01,Cuautémoc,B,Hotel,La Fuente
24,"19.4285279152,-99.147008562","{""type"": ""MultiPoint"", ""coordinates"": [[-99.14700856196961, 19.428527915246214]]}",002_067_19,Cuautémoc,B,Hotel,Fornos
25,"19.42477346,-99.12881894","{""type"": ""MultiPoint"", ""coordinates"": [[-99.12881893999999, 19.42477346]]}",307_123_30,Cuautémoc,B,Hotel,Madrid
26,"19.4262321913,-99.1238893146","{""type"": ""Polygon"", ""coordinates"": [[[-99.12415022557565, 19.42805691641089], [-99.12406954875644, 19.428046349949632], [-99.12315198868194, 19.427926181062578], [-99.12362488873104, 19.42441008525366], [-99.12463900211675, 19.42456291770462], [-99.12460529591418, 19.424827211545736], [-99.12458801598733, 19.42495338023843], [-99.12455784280637, 19.425173687815743], [-99.12454003624076, 19.425274842177046], [-99.12451834043736, 19.42539801173653], [-99.12445315748563, 19.4257681434624], [-99.1243770548301, 19.426364953583327], [-99.1243092646266, 19.426875705908962], [-99.1242419441127, 19.427372235414058], [-99.12418061448123, 19.427816516410328], [-99.12415022557565, 19.42805691641089]]]}",323_064_01,Venustiano Carranza,B,Mercado,La Merced Nave Mayor
27,"19.4348360773,-99.1463945583","{""type"": ""MultiPoint"", ""coordinates"": [[-99.14639455827341, 19.43483607725092]]}",002_016_01,Cuautémoc,B,Hotel,Hilton Centro Histórico
28,"19.4256899299,-99.1400384748","{""type"": ""MultiPoint"", ""coordinates"": [[-99.14003847478479, 19.425689929861168]]}",001_076_17,Cuautémoc,B,Hotel,Playa Internacional
29,"19.4291936373,-99.1244027626","{""type"": ""MultiPoint"", ""coordinates"": [[-99.12440276261265, 19.4291936372533]]}",323_145_10,Venustiano Carranza,B,Hotel,Tampico
30,"19.427530818,-99.1479200065","{""type"": ""MultiPoint"", ""coordinates"": [[-99.14792000652658, 19.427530817995372]]}",002_068_13,Cuautémoc,B,Hotel,Villa Pal
31,"19.4242639147,-99.1311619613","{""type"": ""MultiPoint"", ""coordinates"": [[-99.13116196130123, 19.42426391466724]]}",307_129_20,Cuautémoc,B,Hotel,Escorial
32,"19.4369607249,-99.1354098031","{""type"": ""MultiPoint"", ""coordinates"": [[-99.13540980305315, 19.436960724866605]]}",004_101_20,Cuautémoc,A,Hotel,"Habana, S.A."
33,"19.4341938751,-99.1352210651","{""type"": ""MultiPoint"", ""coordinates"": [[-99.13522106507192, 19.43419387505822]]}",001_007_04,Cuautémoc,A,Hotel,Washingtonw
34,"19.438545231,-99.1481820852","{""type"": ""MultiPoint"", ""coordinates"": [[-99.1481820852253, 19.438545230986023]]}",003_103_23,Cuautémoc,A,Hotel,Managua
35,"19.43811894,-99.13770698","{""type"": ""MultiPoint"", ""coordinates"": [[-99.13770697999998, 19.43811894]]}",004_087_01,Cuautémoc,A,Hotel,La Marina
36,"19.4425777264,-99.1292760518","{""type"": ""Polygon"", ""coordinates"": [[[-99.12888547387081, 19.44214297377761], [-99.12951934992375, 19.44219493036674], [-99.12951797430459, 19.442216070194146], [-99.1295256754063, 19.442216523294146], [-99.129613985823, 19.442221697747907], [-99.12972954044307, 19.442228476100333], [-99.12972922516319, 19.442233496924857], [-99.12972716165446, 19.442265734945153], [-99.12972367468996, 19.442320277702645], [-99.12972291996303, 19.442332143462192], [-99.12972028326166, 19.442373303376], [-99.12972826989045, 19.44237403646746], [-99.12971770482503, 19.442493280419335], [-99.12971490712987, 19.44253073784539], [-99.12969416778988, 19.44280872468053], [-99.12968160191207, 19.44297723793978], [-99.12965444319364, 19.44297595007196], [-99.12944791129439, 19.442966145863892], [-99.12944578323219, 19.442988992274568], [-99.12883167065412, 19.44296022054227], [-99.12884786801737, 19.44269379174178], [-99.12888547387081, 19.44214297377761]]]}",005_077_01,Cuauhtémoc,B,Mercado,Granaditas
37,"19.4271233834,-99.125111772","{""type"": ""Polygon"", ""coordinates"": [[[-99.12511921569288, 19.427506729847458], [-99.12498809233955, 19.427489830931812], [-99.12510388609296, 19.426741581011797], [-99.12523566631052, 19.42675583409067], [-99.12511921569288, 19.427506729847458]]]}",323_065_01,Venustiano Carranza,B,Mercado,Dulceria
38,"19.4439555857,-99.1345196425","{""type"": ""Polygon"", ""coordinates"": [[[-99.13510990321612, 19.443750427142227], [-99.13506396689247, 19.444264473127404], [-99.13414033160765, 19.444182846227694], [-99.13405369593616, 19.444175145766085], [-99.13403407654224, 19.444173399362384], [-99.13392631743308, 19.44416380767677], [-99.1339359115052, 19.444077208133425], [-99.13394520995172, 19.443993146070024], [-99.13396692532878, 19.443797001253174], [-99.1339729222739, 19.443751353798316], [-99.13397597318144, 19.44372813725894], [-99.13397976773977, 19.44369929493096], [-99.13398079742468, 19.443691438691847], [-99.1339872615287, 19.443642251413667], [-99.13405012646687, 19.443648380736462], [-99.13510990321612, 19.443750427142227]]]}",004_106_01,Cuauhtémoc,B,Mercado,La Lagunilla Comestibles
39,"19.4369818158,-99.1426877718","{""type"": ""MultiPoint"", ""coordinates"": [[-99.14268777176564, 19.43698181579591]]}",003_095_04,Cuautémoc,A,Museo,Museo Nacional de La Estampa
40,"19.4371002964,-99.1504966035","{""type"": ""MultiPoint"", ""coordinates"": [[-99.15049660347846, 19.437100296439738]]}",011_291_35,Cuautémoc,B,Hotel,"Servicios Hoteleros de tlaxcala, S.A. DE C.V."
41,"19.43204901,-99.13440135","{""type"": ""MultiPoint"", ""coordinates"": [[-99.13440134999998, 19.43204901]]}",001_024_09,Cuautémoc,A,Hotel,Gran Hotel de la Ciudad de México
42,"19.4368553413,-99.1196435872","{""type"": ""MultiPoint"", ""coordinates"": [[-99.11964358716959, 19.436855341325124]]}",018_337_01,Venustiano Carranza,B,Hotel,HOTEL RRO MI1O
43,"19.4343713052,-99.1291939496","{""type"": ""MultiPoint"", ""coordinates"": [[-99.1291939495848, 19.434371305201473]]}",006_003_19,Cuautémoc,A,Hotel,Valencia
44,"19.4350304786,-99.1262913343","{""type"": ""MultiPoint"", ""coordinates"": [[-99.12629133433414, 19.435030478602457]]}",005_133_04,Cuautémoc,B,Hotel,Niza
45,"19.4438839913,-99.1361724518","{""type"": ""MultiPoint"", ""coordinates"": [[-99.13617245175695, 19.44388399127549]]}",004_040_11,Cuautémoc,B,Hotel,Guadalajara
46,"19.426941681,-99.1326869759","{""type"": ""MultiPoint"", ""coordinates"": [[-99.1326869759449, 19.426941680964575]]}",006_090_12,Cuautémoc,A,Hotel,Castropol
47,"19.439101835,-99.13175662","{""type"": ""MultiPoint"", ""coordinates"": [[-99.13175662002294, 19.439101835048227]]}",004_081_31,Cuautémoc,A,Hotel,Bolivia
48,"19.4454876095,-99.1454023878","{""type"": ""Polygon"", ""coordinates"": [[[-99.14575785570548, 19.445303204429774], [-99.1457340968531, 19.445434566484238], [-99.14570039237336, 19.44562088621485], [-99.14569607689626, 19.445644762013824], [-99.14569445740268, 19.445653710923033], [-99.14568746499276, 19.44569239621859], [-99.14567317533029, 19.445771347087625], [-99.14567249894772, 19.445775121703882], [-99.14562264578674, 19.445766771814988], [-99.14559586768227, 19.44576228961593], [-99.14556049355129, 19.445756370575516], [-99.14553401055257, 19.44575193355384], [-99.14549845555804, 19.445745978358584], [-99.14547062080649, 19.445741315409382], [-99.1454345898452, 19.445735287902615], [-99.14540791646566, 19.445730814718654], [-99.14538423217944, 19.44572685661559], [-99.14537270417816, 19.445724922751932], [-99.1453448027977, 19.445720250745232], [-99.14530782942511, 19.445714060554995], [-99.14528347878617, 19.44570998496495], [-99.14524535357108, 19.445703595956964], [-99.14523206448261, 19.445701372902867], [-99.14517397708211, 19.445691649293565], [-99.14516805601387, 19.445690655245258], [-99.14512389550595, 19.445683263119452], [-99.14512389550595, 19.445683263119445], [-99.14504230471886, 19.44566959941061], [-99.14504230471886, 19.4456695994106], [-99.14504893475826, 19.445636729655327], [-99.14505515518422, 19.445605864592945], [-99.14507354019045, 19.44551468713892], [-99.1451104434965, 19.44533172720289], [-99.14512358920483, 19.445266574644428], [-99.14513700163128, 19.445200067560563], [-99.14515100463244, 19.44520239907162], [-99.14518110490063, 19.44520739646431], [-99.1452064169239, 19.445211598608267], [-99.14524327595268, 19.445217725593274], [-99.14526760748319, 19.44522176506528], [-99.14530764598969, 19.44522841617697], [-99.14533355773916, 19.445232726738915], [-99.14539483398931, 19.445242902193684], [-99.14545958482132, 19.445253655981315], [-99.14552112762856, 19.445263885607265], [-99.14558364142165, 19.445274268842564], [-99.14564764976672, 19.445284896051106], [-99.14570948769888, 19.445295170799756], [-99.14575785570548, 19.445303204429774]]]}",003_045_01,Cuauhtémoc,B,Mercado,Martínez de la Torre Anexo
49,"19.4264953358,-99.1248854383","{""type"": ""Polygon"", ""coordinates"": [[[-99.1252494798907, 19.42663478480781], [-99.12481929853314, 19.426604984911798], [-99.12465946009907, 19.426582263543427], [-99.1245192100711, 19.426562327957626], [-99.12456842521019, 19.426323955034835], [-99.12527845188532, 19.426456657860356], [-99.1252494798907, 19.42663478480781]]]}",323_139_01,Venustiano Carranza,B,Mercado,Dulceria Don Goloso
50,"19.427412415,-99.1425547699","{""type"": ""Polygon"", ""coordinates"": [[[-99.14272480501735, 19.42786140101947], [-99.14227429773678, 19.42781415678145], [-99.14229458082265, 19.427694154627478], [-99.14229760978047, 19.42767624041886], [-99.14232215205132, 19.427531042354712], [-99.1423702157885, 19.42724672689073], [-99.1423002843466, 19.427238057298897], [-99.14233693430928, 19.427023933544028], [-99.14254073176419, 19.426985626926168], [-99.14283901773723, 19.427024352837524], [-99.14275311532016, 19.42765392245985], [-99.14273036988997, 19.427820611472296], [-99.14272480501735, 19.42786140101947]]]}",002_064_05,Cuauhtémoc,B,Mercado,San Juan No.78
51,"19.4357182545,-99.1308788314","{""type"": ""MultiPoint"", ""coordinates"": [[-99.1308788314316, 19.4357182544746]]}",005_129_16,Cuautémoc,A,Museo,Antiguo Colegio de San Idelfonso
52,"19.4363816901,-99.1293374805","{""type"": ""MultiPoint"", ""coordinates"": [[-99.12933748045579, 19.436381690132936]]}",005_124_05,Cuautémoc,A,Museo,Las Constituciones
53,"19.4419740424,-99.1401449131","{""type"": ""MultiPoint"", ""coordinates"": [[-99.14014491305316, 19.441974042414987]]}",003_069_16,Cuautémoc,B,Hotel,Magnolia A
54,"19.4263645964,-99.1399088724","{""type"": ""MultiPoint"", ""coordinates"": [[-99.13990887239491, 19.42636459637968]]}",001_076_12,Cuautémoc,B,Hotel,"Cadillac, S.A. DE C.V."
55,"19.4406333099,-99.1378562996","{""type"": ""MultiPoint"", ""coordinates"": [[-99.1378562996, 19.44063330989114]]}",004_067_18,Cuautémoc,B,Hotel,Plaza Garibaldi
56,"19.4452114301,-99.1425281852","{""type"": ""MultiPoint"", ""coordinates"": [[-99.14252818521516, 19.445211430058997]]}",003_043_01,Cuautémoc,B,Hotel,Morelia
57,"19.4303913751,-99.1465372648","{""type"": ""MultiPoint"", ""coordinates"": [[-99.1465372647848, 19.43039137510878]]}",002_048_10,Cuautémoc,B,Hotel,Conde
58,"19.4244380424,-99.1306732022","{""type"": ""MultiPoint"", ""coordinates"": [[-99.1306732021873, 19.42443804243429]]}",307_124_19,Cuautémoc,B,Hotel,Unico
59,"19.4275850427,-99.1397624613","{""type"": ""MultiPoint"", ""coordinates"": [[-99.13976246133637, 19.42758504271105]]}",001_061_03,Cuautémoc,A,Hotel,Señorial
60,"19.4274816595,-99.1285626779","{""type"": ""MultiPoint"", ""coordinates"": [[-99.12856267794581, 19.427481659495356]]}",006_086_10,Cuautémoc,A,Hotel,Oviedo
61,"19.4343847692,-99.125125489","{""type"": ""Polygon"", ""coordinates"": [[[-99.12576690437209, 19.43479365215103], [-99.12439047618325, 19.434619383660873], [-99.12449000211754, 19.433974547029383], [-99.12585666771942, 19.434150266475957], [-99.12576690437209, 19.43479365215103]]]}",005_140_01,Cuauhtémoc,B,Mercado,Mixcalco
62,"19.4377973772,-99.1504216904","{""type"": ""MultiPoint"", ""coordinates"": [[-99.15042169044048, 19.437797377179038]]}",011_034_16,Cuautémoc,B,Hotel,Ramada Reforma
63,"19.4339116282,-99.1468371035","{""type"": ""MultiPoint"", ""coordinates"": [[-99.14683710347339, 19.43391162824855]]}",002_015_07,Cuautémoc,B,Hotel,Calvin
64,"19.44281242,-99.13974599","{""type"": ""MultiPoint"", ""coordinates"": [[-99.13974598999997, 19.44281242]]}",003_053_01,Cuautémoc,B,Hotel,San Martin
65,"19.425466805,-99.1380880561","{""type"": ""MultiPoint"", ""coordinates"": [[-99.13808805610125, 19.42546680499688]]}",001_073_20,Cuautémoc,B,Hotel,Mar
66,"19.4331350004,-99.1382989213","{""type"": ""MultiPoint"", ""coordinates"": [[-99.13829892133639, 19.433135000409568]]}",001_021_14,Cuautémoc,A,Hotel,Coliseo
67,"19.4434657626,-99.1247401574","{""type"": ""MultiPoint"", ""coordinates"": [[-99.12474015738732, 19.443465762628737]]}",005_057_01,Cuautémoc,B,Hotel,Sevilla
68,"19.4273142523,-99.1255788881","{""type"": ""MultiPoint"", ""coordinates"": [[-99.12557888806421, 19.427314252269024]]}",006_082_02,Cuautémoc,A,Hotel,Anpudia
69,"19.43558625,-99.12965746","{""type"": ""MultiPoint"", ""coordinates"": [[-99.12965745999998, 19.43558625]]}",005_129_08,Cuautémoc,A,Hotel,Templo Mayor
70,"19.43712772,-99.1378899","{""type"": ""MultiPoint"", ""coordinates"": [[-99.1378899, 19.43712772]]}",004_090_02,Cuautémoc,A,Hotel,Congreso
71,"19.4243073771,-99.1314527126","{""type"": ""MultiPoint"", ""coordinates"": [[-99.13145271262276, 19.424307377107965]]}",307_129_17,Cuautémoc,B,Hotel,Recreo
72,"19.4454901265,-99.1471012862","{""type"": ""MultiPoint"", ""coordinates"": [[-99.1471012861979, 19.445490126481246]]}",003_046_14,Cuautémoc,B,Hotel,Atoyac
73,"19.4218384283,-99.1267852296","{""type"": ""MultiPoint"", ""coordinates"": [[-99.12678522956453, 19.42183842830957]]}",007_005_07,Cuautémoc,B,Hotel,Jaen
74,"19.4332681257,-99.1361403471","{""type"": ""MultiPoint"", ""coordinates"": [[-99.13614034711536, 19.433268125698316]]}",001_023_17,Cuautémoc,A,Museo,Estanquillo
75,"19.4344695016,-99.1318346523","{""type"": ""MultiPoint"", ""coordinates"": [[-99.13183465227183, 19.434469501637523]]}",005_145_14,Cuautémoc,A,Museo,Templo Mayor
76,"19.4367072434,-99.1424407474","{""type"": ""MultiPoint"", ""coordinates"": [[-99.14244074743257, 19.436707243375373]]}",003_095_02,Cuautémoc,A,Museo,Franz Mayer
77,"19.4254536359,-99.1226996335","{""type"": ""Polygon"", ""coordinates"": [[[-99.1233504783557, 19.425209271741444], [-99.12333619249657, 19.425311799447257], [-99.12329022000293, 19.42530603607834], [-99.1232395251073, 19.425662264035108], [-99.12322468600254, 19.425768792058804], [-99.123274094638, 19.425775116151815], [-99.12325242814669, 19.425927363434447], [-99.12318361214332, 19.425917919190017], [-99.12319643693222, 19.425833740918286], [-99.12316763504029, 19.42583008572214], [-99.12302684273317, 19.42581220778579], [-99.12249903365868, 19.425745200716644], [-99.12247120264855, 19.42574166304231], [-99.12242527767427, 19.42573583625435], [-99.12239625689958, 19.42573215379163], [-99.12227508161988, 19.42571676342737], [-99.12224503289323, 19.425712954263044], [-99.12219966950661, 19.425707190768772], [-99.12217011572835, 19.42570343589595], [-99.12212473330757, 19.42569768140876], [-99.1220932473533, 19.42569368222757], [-99.12207240266345, 19.425691031190343], [-99.12208417224231, 19.42560398106843], [-99.1220879015146, 19.42557633994333], [-99.12210917066778, 19.42541896342887], [-99.12212009137184, 19.425338116975063], [-99.122141207875, 19.425181815031618], [-99.12214477497452, 19.42515542005873], [-99.1221564968031, 19.42506866791727], [-99.1222082372654, 19.4250747490522], [-99.12225368625884, 19.425080088137246], [-99.12228625724816, 19.425083906949023], [-99.12240558586085, 19.42509792423561], [-99.12243342635227, 19.425101191010683], [-99.12255820887134, 19.42511585068742], [-99.12258697262634, 19.425119226028674], [-99.1227076528648, 19.42513339696315], [-99.12273635951541, 19.42513677226696], [-99.12286026642292, 19.425151323159707], [-99.12288643174104, 19.42515439982203], [-99.12295728465226, 19.425162715871743], [-99.12307840278775, 19.42517694084866], [-99.12311097381304, 19.425180768543427], [-99.12330256419641, 19.42520326409036], [-99.1233504783557, 19.425209271741444]]]}",323_101_01,Venustiano Carranza,B,Mercado,La Merced Nave Menor
78,"19.4430578017,-99.13614342","{""type"": ""Polygon"", ""coordinates"": [[[-99.13687784285361, 19.44356031290679], [-99.13560208329348, 19.443436959797815], [-99.13546154950127, 19.44342473554058], [-99.13531779862744, 19.443410009203053], [-99.13533840414985, 19.443184587540383], [-99.13534162851656, 19.443149369638558], [-99.13534304991681, 19.44313380151912], [-99.13534831575076, 19.44307624282393], [-99.13535339080217, 19.443020706898945], [-99.13535555627982, 19.442997029631588], [-99.1353606504192, 19.44294121376747], [-99.13536793861536, 19.442861576153753], [-99.1353762666314, 19.44277047014268], [-99.13538344035666, 19.44269198839471], [-99.13539348547064, 19.442582081436562], [-99.13566782444147, 19.442590481819252], [-99.13566666021518, 19.442605453981727], [-99.13623763067861, 19.442633644572396], [-99.13639765094523, 19.442641545950156], [-99.13694771715865, 19.442668710379174], [-99.13687784285361, 19.44356031290679]]]}",004_107_01,Cuauhtémoc,B,Mercado,La Lagunilla
79,"19.4299360348,-99.1445730919","{""type"": ""Polygon"", ""coordinates"": [[[-99.14506564715765, 19.430182995466375], [-99.14500414768231, 19.430175971458777], [-99.14495782081039, 19.43017067406616], [-99.14490487853665, 19.430164626339497], [-99.14486449125711, 19.430160006920875], [-99.14483775360338, 19.43015695140716], [-99.14479886074226, 19.43015250373262], [-99.14474877404984, 19.430146781401557], [-99.1447255011579, 19.4301441236306], [-99.14467238756802, 19.430138048724302], [-99.14464956205187, 19.43013543615017], [-99.14459473512545, 19.430129171373462], [-99.14449054493974, 19.430117265540705], [-99.1443989383062, 19.43010679703772], [-99.14430420007888, 19.430095966884036], [-99.14416443908544, 19.43007999276612], [-99.14408905211378, 19.43007137736433], [-99.14401983317529, 19.430063458047393], [-99.14406864993782, 19.429687601252706], [-99.14493832974324, 19.429791675244083], [-99.14513844956328, 19.42980038653728], [-99.14507731575442, 19.43012170760638], [-99.14506564715765, 19.430182995466375]]]}",002_047_11,Cuauhtémoc,B,Mercado,San Juan
80,"19.4313297575,-99.1416730617","{""type"": ""MultiPoint"", ""coordinates"": [[-99.14167306174176, 19.43132975753632]]}",002_028_04,Cuautémoc,B,Hotel,Suite Victoria
81,"19.42262452,-99.15107339","{""type"": ""MultiPoint"", ""coordinates"": [[-99.15107338999997, 19.42262452]]}",002_096_02,Cuautémoc,B,Hotel,Imperio
82,"19.4220369889,-99.120775543","{""type"": ""MultiPoint"", ""coordinates"": [[-99.12077554304301, 19.422036988933655]]}",423_013_18,Venustiano Carranza,B,Hotel,Cordoba
83,"19.4342251093,-99.1449434443","{""type"": ""MultiPoint"", ""coordinates"": [[-99.14494344433922, 19.434225109319293]]}",002_018_03,Cuautémoc,B,Hotel,San Francisco
84,"19.4426697365,-99.1426738122","{""type"": ""MultiPoint"", ""coordinates"": [[-99.14267381217215, 19.442669736450366]]}",003_056_09,Cuautémoc,B,Hotel,Las Americas
85,"19.4301182936,-99.1228328972","{""type"": ""MultiPoint"", ""coordinates"": [[-99.12283289716962, 19.4301182935961]]}",323_034_03,Venustiano Carranza,B,Hotel,Roma
86,"19.4244645173,-99.1433325213","{""type"": ""MultiPoint"", ""coordinates"": [[-99.14333252130632, 19.42446451731195]]}",002_085_04,Cuautémoc,B,Hotel,San Juan
87,"19.4397239469,-99.1461558557","{""type"": ""MultiPoint"", ""coordinates"": [[-99.14615585565568, 19.43972394688196]]}",003_075_19,Cuautémoc,B,Hotel,Astoria
88,"19.4324763822,-99.1373385944","{""type"": ""MultiPoint"", ""coordinates"": [[-99.1373385943544, 19.432476382222312]]}",001_022_08,Cuautémoc,A,Hotel,Lafayett
89,"19.4373498816,-99.1421604061","{""type"": ""MultiPoint"", ""coordinates"": [[-99.14216040609112, 19.437349881558568]]}",003_096_04,Cuautémoc,A,Hotel,Hidalgo
90,"19.4241136598,-99.1428624974","{""type"": ""MultiPoint"", ""coordinates"": [[-99.14286249738733, 19.424113659793274]]}",002_086_05,Cuautémoc,B,Hotel,Marlyn
91,"19.42981826,-99.14607091","{""type"": ""MultiPoint"", ""coordinates"": [[-99.14607091, 19.42981826]]}",002_059_01,Cuautémoc,B,Hotel,Pugibet
92,"19.4383554723,-99.1327563513","{""type"": ""MultiPoint"", ""coordinates"": [[-99.13275635133638, 19.438355472334532]]}",004_082_19,Cuautémoc,A,Hotel,Tuxpan
93,"19.4352977961,-99.1412872705","{""type"": ""MultiPoint"", ""coordinates"": [[-99.14128727047044, 19.435297796130335]]}",002_007_01,Cuautémoc,A,Museo,Palacio de Bellas Artes
94,"19.4338001466,-99.1463273233","{""type"": ""MultiPoint"", ""coordinates"": [[-99.14632732327628, 19.433800146609766]]}",002_016_02,Cuautémoc,B,Museo,Arte Popular
95,"19.4370305998,-99.1214093113","{""type"": ""MultiPoint"", ""coordinates"": [[-99.1214093112911, 19.437030599821]]}",318_114_01,Venustiano Carranza,B,Hotel,Seoul
96,"19.4236741422,-99.1558164031","{""type"": ""MultiPoint"", ""coordinates"": [[-99.15581640305822, 19.423674142199914]]}",010_015_08,Cuautémoc,B,Hotel,Puebla
97,"19.4440005647,-99.1372278043","{""type"": ""MultiPoint"", ""coordinates"": [[-99.13722780429484, 19.44400056473137]]}",004_038_04,Cuautémoc,B,Museo,Galeria El Trébol
98,"19.4409812032,-99.1401537957","{""type"": ""MultiPoint"", ""coordinates"": [[-99.14015379565568, 19.44098120318983]]}",003_069_08,Cuautémoc,B,Hotel,"Riva Palacio, S.A. DE C.V."
99,"19.4438918423,-99.1402516182","{""type"": ""MultiPoint"", ""coordinates"": [[-99.14025161824809, 19.443891842299102]]}",003_052_18,Cuautémoc,B,Hotel,Drigales
100,"19.4337759404,-99.1378211234","{""type"": ""MultiPoint"", ""coordinates"": [[-99.13782112343796, 19.433775940429044]]}",001_014_06,Cuautémoc,A,Hotel,Ritz Ciudada de México
101,"19.4340314709,-99.1362576859","{""type"": ""MultiPoint"", ""coordinates"": [[-99.13625768586326, 19.43403147085432]]}",001_013_01,Cuautémoc,A,Hotel,Gillow
102,"19.4394492343,-99.137176496","{""type"": ""MultiPoint"", ""coordinates"": [[-99.1371764959908, 19.439449234293505]]}",004_076_16,Cuautémoc,A,Hotel,Sonora
103,"19.4370810464,-99.1361494106","{""type"": ""MultiPoint"", ""coordinates"": [[-99.13614941064809, 19.437081046436173]]}",004_091_27,Cuautémoc,A,Hotel,Cuba
104,"19.43397933,-99.13044075","{""type"": ""MultiPoint"", ""coordinates"": [[-99.13044075, 19.43397933]]}",006_002_12,Cuautémoc,A,Hotel,Palacio
105,"19.4298675871,-99.1370239721","{""type"": ""MultiPoint"", ""coordinates"": [[-99.13702397209634, 19.429867587114536]]}",001_042_04,Cuautémoc,A,Hotel,Isabel
106,"19.4260404694,-99.1546283991","{""type"": ""Polygon"", ""coordinates"": [[[-99.15506380263123, 19.426078560552092], [-99.15492284743894, 19.42641453618962], [-99.15479904607639, 19.426465910925806], [-99.1542204710361, 19.426254144793994], [-99.15394789804314, 19.42615437580783], [-99.1539359246203, 19.426143962907485], [-99.15392283832067, 19.426123679704695], [-99.15392012720737, 19.426102864449586], [-99.15392336507807, 19.42608286235523], [-99.15393343685868, 19.426067330794663], [-99.15410378439358, 19.42588328535849], [-99.15411826224509, 19.42587988191915], [-99.15444833997437, 19.42580215315085], [-99.15478109212314, 19.425723800865338], [-99.15502793846123, 19.425665679489992], [-99.1552111432023, 19.42562253511909], [-99.15524693118306, 19.425642034045296], [-99.15506380263123, 19.426078560552092]]]}",011_245_01,Cuauhtémoc,B,Mercado,Juárez
107,"19.4248237343,-99.1311696681","{""type"": ""Polygon"", ""coordinates"": [[[-99.1313848659507, 19.42526111717865], [-99.13086462249896, 19.42519361204297], [-99.13097806032219, 19.424381440548228], [-99.13147041389263, 19.42444197750457], [-99.13146322685051, 19.42448905156756], [-99.1313800703947, 19.42503362248934], [-99.13141665803191, 19.42503894852956], [-99.13140900316259, 19.42509240698606], [-99.13139602894367, 19.425183078668987], [-99.1313848659507, 19.42526111717865]]]}",307_128_04,Cuauhtémoc,B,Mercado,San Lucas
108,"19.4341817313,-99.1446221837","{""type"": ""MultiPoint"", ""coordinates"": [[-99.14462218373212, 19.434181731269415]]}",002_020_11,Cuautémoc,B,Museo,Memoria y Tolerancia
109,"19.4333600229,-99.1289519995","{""type"": ""MultiPoint"", ""coordinates"": [[-99.12895199954414, 19.433360022884266]]}",006_003_06,Cuautémoc,A,Museo,José Luis Cuevas
110,"19.4356877258,-99.1387888649","{""type"": ""MultiPoint"", ""coordinates"": [[-99.13878886494129, 19.435687725769608]]}",001_003_11,Cuautémoc,A,Museo,Museo interactivo de economía Mide
111,"19.4430614318,-99.1353793874","{""type"": ""MultiPoint"", ""coordinates"": [[-99.13537938738733, 19.44306143180432]]}",004_107_02,Cuautémoc,B,Hotel,Embajadores
112,"19.4328570897,-99.1361965435","{""type"": ""MultiPoint"", ""coordinates"": [[-99.13619654348354, 19.432857089699873]]}",001_023_15,Cuautémoc,A,Hotel,Downtown
113,"19.43374405,-99.13550135","{""type"": ""MultiPoint"", ""coordinates"": [[-99.13550134999998, 19.43374405]]}",001_012_13,Cuautémoc,A,Hotel,San Antonio
114,"19.43836668,-99.14752899","{""type"": ""MultiPoint"", ""coordinates"": [[-99.14752898999997, 19.43836668]]}",003_103_30,Cuautémoc,A,Hotel,Marconi
115,"19.4336966991,-99.1237253904","{""type"": ""MultiPoint"", ""coordinates"": [[-99.12372539041009, 19.433696699148474]]}",323_010_09,Venustiano Carranza,B,Hotel,Antas
116,"19.43339234,-99.14617457","{""type"": ""MultiPoint"", ""coordinates"": [[-99.14617456999999, 19.43339234]]}",002_017_02,Cuautémoc,B,Hotel,"Monte RealL, S.A."
117,"19.4253041176,-99.1405962735","{""type"": ""MultiPoint"", ""coordinates"": [[-99.14059627347848, 19.42530411762172]]}",001_078_03,Cuautémoc,B,Hotel,Mazatlán
118,"19.44371481,-99.14271352","{""type"": ""MultiPoint"", ""coordinates"": [[-99.14271351999997, 19.44371481]]}",003_050_07,Cuautémoc,B,Hotel,Manolete
119,"19.42240955,-99.15052984","{""type"": ""MultiPoint"", ""coordinates"": [[-99.15052984, 19.42240955]]}",002_097_02,Cuautémoc,B,Hotel,Alcazar
120,"19.438089976,-99.1374885065","{""type"": ""MultiPoint"", ""coordinates"": [[-99.13748850651645, 19.438089976007102]]}",004_086_24,Cuautémoc,A,Hotel,"Atlanta, S. DE R.L."
121,"19.4303083246,-99.1405735286","{""type"": ""MultiPoint"", ""coordinates"": [[-99.14057352859476, 19.430308324610486]]}",001_043_15,Cuautémoc,A,Hotel,El Salvador
122,"19.4328655483,-99.1385210348","{""type"": ""MultiPoint"", ""coordinates"": [[-99.13852103477973, 19.43286554831075]]}",001_020_04,Cuautémoc,A,Hotel,Principal
123,"19.4378770032,-99.1358867181","{""type"": ""MultiPoint"", ""coordinates"": [[-99.13588671813946, 19.437877003218627]]}",004_086_36,Cuautémoc,A,Hotel,Florida
124,"19.4297560476,-99.1253498219","{""type"": ""MultiPoint"", ""coordinates"": [[-99.12534982186051, 19.4297560476171]]}",006_052_01,Cuautémoc,A,Hotel,Universo
125,"19.4342350395,-99.1354548065","{""type"": ""MultiPoint"", ""coordinates"": [[-99.13545480653053, 19.43423503952621]]}",001_007_06,Cuautémoc,A,Hotel,Zamora
126,"19.42774805,-99.12796532","{""type"": ""MultiPoint"", ""coordinates"": [[-99.12796531999999, 19.42774805]]}",006_078_04,Cuautémoc,A,Hotel,San Marcos
127,"19.42590571,-99.13203396","{""type"": ""MultiPoint"", ""coordinates"": [[-99.13203395999997, 19.42590571]]}",006_091_20,Cuautémoc,A,Hotel,Parque
128,"19.4270781084,-99.1210175514","{""type"": ""Polygon"", ""coordinates"": [[[-99.12149177378164, 19.427694876432408], [-99.12144060403956, 19.427687332315127], [-99.12102939023032, 19.427626698449448], [-99.12096462858129, 19.42761714602616], [-99.12092980158974, 19.427612007972563], [-99.12089496508177, 19.427606869909866], [-99.12084347177611, 19.427599280391117], [-99.12069832921345, 19.42757787770657], [-99.12061178051901, 19.427565113838206], [-99.12043235359135, 19.427538654232254], [-99.12036790610897, 19.42752915585935], [-99.12039891278353, 19.4273395178916], [-99.12044127865819, 19.427080391093714], [-99.12045515216757, 19.426995563106704], [-99.12047002684999, 19.426904585674222], [-99.12053362545338, 19.426515644709838], [-99.1205425025409, 19.42646133817334], [-99.12060046779435, 19.426469850524608], [-99.12073829948663, 19.42649007748569], [-99.12093101263316, 19.426518364289215], [-99.12101014620552, 19.426529988309394], [-99.1210713667041, 19.426538970911736], [-99.12110500371494, 19.426543909971112], [-99.12113863120932, 19.426548849021856], [-99.1211971484996, 19.426557713507403], [-99.12160730269026, 19.426619963181036], [-99.12166829473365, 19.426629225468186], [-99.12149177378164, 19.427694876432408]]]}",323_061_04(123),Venustiano Carranza,B,Mercado,San Ciprian
129,,,005_125_01,Cuauhtémoc,A,Mercado,Abelardo
130,"19.4351458312,-99.1282270238","{""type"": ""MultiPoint"", ""coordinates"": [[-99.12822702376421, 19.435145831235072]]}",005_114_34,Cuautémoc,A,Museo,Sinagoga Histórica de Justo Sierra
131,"19.4389531509,-99.1479144659","{""type"": ""MultiPoint"", ""coordinates"": [[-99.1479144658855, 19.43895315091235]]}",003_080_06,Cuautémoc,A,Museo,Panteón de San Fernando
132,"19.4248733452,-99.1202942813","{""type"": ""MultiPoint"", ""coordinates"": [[-99.1202942812962, 19.424873345171424]]}",323_102_02,Venustiano Carranza,B,Hotel,De Casa
133,"19.4388860834,-99.1250947991","{""type"": ""MultiPoint"", ""coordinates"": [[-99.12509479913923, 19.438886083385093]]}",005_099_14,Cuautémoc,B,Hotel,Venecia
134,"19.4297026585,-99.1459903503","{""type"": ""Polygon"", ""coordinates"": [[[-99.14622934381833, 19.429840003713515], [-99.14572993477603, 19.429775749207572], [-99.14577135143351, 19.429548097864156], [-99.14585206782787, 19.42956359434585], [-99.14587176148851, 19.429567371327884], [-99.14592438866731, 19.429579830315642], [-99.1459551236615, 19.42958625446658], [-99.1460048003267, 19.429596636101284], [-99.14602222856631, 19.429600277350765], [-99.14609265493867, 19.429618734512438], [-99.14626550980793, 19.429653575398483], [-99.14622934381833, 19.429840003713515]]]}",002_059_01,Cuauhtémoc,B,Mercado,Floreria San Juan
135,"19.4300009578,-99.1430773295","{""type"": ""Polygon"", ""coordinates"": [[[-99.14319996015118, 19.43044536566804], [-99.14282348343117, 19.43039041145208], [-99.14292230235894, 19.42977118352783], [-99.14295585793874, 19.429560933351073], [-99.14298496556235, 19.429564323577196], [-99.14330113268737, 19.429601136625465], [-99.14332985958453, 19.429604481595135], [-99.14329564638066, 19.429823780205858], [-99.14325212469053, 19.430102741384754], [-99.14321979773234, 19.430309966579852], [-99.14319996015118, 19.43044536566804]]]}",002_045_01,Cuauhtémoc,B,Mercado,"Centro Artesanal ""San Juan"""
136,"19.4263840955,-99.1429192037","{""type"": ""MultiPoint"", ""coordinates"": [[-99.1429192036962, 19.42638409549362]]}",002_084_14,Cuautémoc,B,Hotel,Miguel Ángel
137,"19.4421185698,-99.1482841686","{""type"": ""MultiPoint"", ""coordinates"": [[-99.14828416863845, 19.442118569786956]]}",012_108_03,Cuautémoc,B,Hotel,Lepanto
138,"19.4330991176,-99.1423784309","{""type"": ""MultiPoint"", ""coordinates"": [[-99.14237843087086, 19.433099117588846]]}",002_024_08,Cuautémoc,B,Hotel,Marlowe
139,"19.4331109726,-99.1250977437","{""type"": ""MultiPoint"", ""coordinates"": [[-99.12509774370125, 19.43311097260099]]}",006_009_11,Cuautémoc,A,Hotel,Continental Méxicano
140,"19.4374331486,-99.1457705763","{""type"": ""MultiPoint"", ""coordinates"": [[-99.14577057632975, 19.43743314862656]]}",003_092_06,Cuautémoc,A,Hotel,Boutique Cortes
141,"19.4371425556,-99.1367080715","{""type"": ""MultiPoint"", ""coordinates"": [[-99.13670807153923, 19.437142555564062]]}",004_091_24,Cuautémoc,A,Hotel,Princess
142,"19.4263681354,-99.1327278126","{""type"": ""MultiPoint"", ""coordinates"": [[-99.13272781260757, 19.42636813537874]]}",006_127_14,Cuautémoc,A,Hotel,Ambar
143,"19.4327710138,-99.142002608","{""type"": ""MultiPoint"", ""coordinates"": [[-99.14200260804556, 19.43277101375667]]}",002_027_10,Cuautémoc,B,Hotel,Toledo
144,"19.43846278,-99.14185407","{""type"": ""MultiPoint"", ""coordinates"": [[-99.14185406999997, 19.43846278]]}",003_097_17,Cuautémoc,A,Hotel,Covadonga
145,"19.4340221684,-99.1358187396","{""type"": ""MultiPoint"", ""coordinates"": [[-99.1358187395696, 19.4340221684013]]}",001_012_11,Cuautémoc,A,Hotel,Rioja
146,"19.4373584031,-99.1383047535","{""type"": ""MultiPoint"", ""coordinates"": [[-99.13830475354006, 19.437358403064298]]}",004_090_14,Cuautémoc,A,Hotel,Congreso Garage
147,"19.4383757081,-99.1416066037","{""type"": ""Polygon"", ""coordinates"": [[[-99.14165441600093, 19.438753294907848], [-99.14140739204275, 19.43870941763535], [-99.14155946547139, 19.437995769313783], [-99.14180566919697, 19.43804469675772], [-99.14165441600093, 19.438753294907848]]]}",003_098_01,Cuauhtémoc,A,Mercado,2 de Abril
148,"19.4388349207,-99.1502578596","{""type"": ""MultiPoint"", ""coordinates"": [[-99.15025785956453, 19.438834920737452]]}",012_147_13,Cuautémoc,B,Hotel,"Miño, S.A. DE C.V."
149,"19.43031663,-99.12465191","{""type"": ""MultiPoint"", ""coordinates"": [[-99.12465190999997, 19.43031663]]}",323_035_01,Venustiano Carranza,B,Hotel,Liverpool
150,"19.440448428,-99.1365429261","{""type"": ""MultiPoint"", ""coordinates"": [[-99.13654292609617, 19.440448428035303]]}",004_065_10,Cuautémoc,B,Hotel,Moderno
151,"19.4288176211,-99.1314097235","{""type"": ""MultiPoint"", ""coordinates"": [[-99.13140972354749, 19.428817621118075]]}",006_075_25,Cuautémoc,A,Hotel,Patria
152,"19.4353469131,-99.1155716113","{""type"": ""MultiPoint"", ""coordinates"": [[-99.11557161131138, 19.435346913144773]]}",018_322_17,Venustiano Carranza,B,Hotel,Faja de Oro
153,"19.4241764183,-99.1254198454","{""type"": ""MultiPoint"", ""coordinates"": [[-99.12541984543289, 19.424176418303915]]}",323_133_29,Venustiano Carranza,B,Hotel,Navio
154,"19.4245820084,-99.1259208824","{""type"": ""MultiPoint"", ""coordinates"": [[-99.12592088238983, 19.424582008433273]]}",307_119_06,Cuautémoc,B,Hotel,Las Vegas
155,"19.4416371812,-99.1477800117","{""type"": ""MultiPoint"", ""coordinates"": [[-99.1477800117468, 19.441637181163685]]}",003_078_18,Cuautémoc,B,Hotel,Trébol
156,"19.4255480371,-99.1249308096","{""type"": ""Polygon"", ""coordinates"": [[[-99.12536027984414, 19.425866061590007], [-99.12469059970208, 19.425788535120585], [-99.12468538905455, 19.42580425583179], [-99.12468467380671, 19.425809547478014], [-99.12465556769327, 19.42580434824872], [-99.12445315748563, 19.42576814346241], [-99.12451845396804, 19.425398128723476], [-99.12454002918942, 19.42527519130062], [-99.12455784280637, 19.42517368781574], [-99.1246841467093, 19.42519257518125], [-99.1247406562397, 19.42520065888624], [-99.12474126651553, 19.425196396680363], [-99.12480455222135, 19.425205369478313], [-99.12479423810706, 19.425264434917693], [-99.12524093755943, 19.42534104320499], [-99.12539619550725, 19.42536767318489], [-99.12542587270028, 19.4253727640616], [-99.12536027984414, 19.425866061590007]]]}",323_138_04 (3),Venustiano Carranza,B,Mercado,Mariscos
157,"19.4272935771,-99.1227492994","{""type"": ""Polygon"", ""coordinates"": [[[-99.12300747264747, 19.42773123426544], [-99.12280214516548, 19.427704608199857], [-99.12281993434634, 19.427566889971747], [-99.12277892009357, 19.427562301627347], [-99.12270269774474, 19.427553767478333], [-99.12259692116261, 19.42754193001446], [-99.12255498403249, 19.427535824288967], [-99.12251661622872, 19.42753022512589], [-99.12242103462124, 19.42751629499355], [-99.12239524002901, 19.427513696966948], [-99.12241519839247, 19.427381018264892], [-99.12238145611079, 19.427377388829342], [-99.12239382638933, 19.427286383541247], [-99.12238754435732, 19.42728561442197], [-99.12242985085545, 19.426947544853373], [-99.12310813887663, 19.427027086434606], [-99.12300747264747, 19.42773123426544]]]}",323_063_08,Venustiano Carranza,B,Mercado,Merced Comidas
158,"19.4362349051,-99.1302332694","{""type"": ""MultiPoint"", ""coordinates"": [[-99.1302332693731, 19.43623490513985]]}",005_129_16,Cuautémoc,A,Museo,De La Luz
159,"19.4337392469,-99.1311991819","{""type"": ""MultiPoint"", ""coordinates"": [[-99.13119918188742, 19.433739246863297]]}",006_001_06,Cuautémoc,A,Museo,Arte de la Secretaria de Hacienda y Credito Public
160,"19.43610539,-99.1394124008","{""type"": ""MultiPoint"", ""coordinates"": [[-99.13941240076403, 19.436105390000336]]}",004_098_01,Cuautémoc,A,Museo,Museo Nacional de Arte
161,"19.4356652812,-99.1386591361","{""type"": ""MultiPoint"", ""coordinates"": [[-99.13865913613954, 19.43566528119026]]}",001_003_12,Cuautémoc,A,Museo,La Tortura
162,"19.4452741596,-99.1443205075","{""type"": ""Polygon"", ""coordinates"": [[[-99.14489091717047, 19.445648323659718], [-99.1436491804645, 19.44543681332104], [-99.14366380405268, 19.445359307509033], [-99.1437359786407, 19.444976781124968], [-99.14375044019546, 19.444900115105067], [-99.14385942712725, 19.444918650236644], [-99.14391411574786, 19.444927958439315], [-99.14399933291234, 19.444942453905465], [-99.14414105693366, 19.444966564726975], [-99.14428099135795, 19.444990377213433], [-99.14442189679721, 19.445014352259026], [-99.14455785221377, 19.445037477732658], [-99.14470290817435, 19.445062157439782], [-99.14479849206045, 19.44507842374983], [-99.14484507981179, 19.445086349041482], [-99.14499132577976, 19.44511122733131], [-99.14497655984998, 19.445190205185927], [-99.14493664412957, 19.445403750603766], [-99.14492579351534, 19.44546178749198], [-99.14490676919826, 19.445563539419524], [-99.14489091717047, 19.445648323659718]]]}",003_044_01,Cuauhtémoc,B,Mercado,Martínez de la Torre
163,"19.4265454033,-99.1224859032","{""type"": ""Polygon"", ""coordinates"": [[[-99.12310813887663, 19.427027086434606], [-99.12287883501801, 19.427000698504756], [-99.12242985085545, 19.426947544853373], [-99.12238754435732, 19.427285614422043], [-99.12182498896676, 19.427250140084208], [-99.12182805135161, 19.42722493701176], [-99.12199222573625, 19.425875601758246], [-99.12232778841145, 19.425915327656384], [-99.12322182642967, 19.426055893086136], [-99.12310813887663, 19.427027086434606]]]}",323_063_05,Venustiano Carranza,B,Mercado,
164,"19.4388741511,-99.1413308257","{""type"": ""MultiPoint"", ""coordinates"": [[-99.14133082566073, 19.438874151115833]]}",003_113_03,Cuautémoc,B,Hotel,Dos Naciones
165,"19.4248396624,-99.1333096809","{""type"": ""MultiPoint"", ""coordinates"": [[-99.13330968086073, 19.424839662430802]]}",001_086_01,Cuautémoc,B,Hotel,Latino
166,"19.4394422606,-99.1501035229","{""type"": ""MultiPoint"", ""coordinates"": [[-99.15010352289491, 19.439442260627114]]}",012_153_08,Cuautémoc,B,Hotel,Polly
167,"19.4387807061,-99.1398360896","{""type"": ""MultiPoint"", ""coordinates"": [[-99.13983608956958, 19.438780706146094]]}",004_072_07,Cuautémoc,A,Hotel,"Diligencias, S.A."
168,"19.4349726565,-99.147766133","{""type"": ""MultiPoint"", ""coordinates"": [[-99.147766133043, 19.434972656453688]]}",002_014_23,Cuautémoc,B,Hotel,One Alameda
169,"19.4365391003,-99.1335799561","{""type"": ""MultiPoint"", ""coordinates"": [[-99.13357995609114, 19.43653910031621]]}",004_093_16,Cuautémoc,A,Hotel,Azores
170,"19.43162145,-99.13535842","{""type"": ""MultiPoint"", ""coordinates"": [[-99.13535841999997, 19.43162145]]}",001_028_11,Cuautémoc,A,Hotel,NH Hoteles
171,"19.4263416792,-99.1296771488","{""type"": ""MultiPoint"", ""coordinates"": [[-99.12967714881148, 19.42634167916315]]}",006_092_06,Cuautémoc,A,Hotel,Las Cruces
172,"19.4340126845,-99.1357099089","{""type"": ""MultiPoint"", ""coordinates"": [[-99.13570990891644, 19.434012684477807]]}",001_012_12,Cuautémoc,A,Hotel,Cadana
173,"19.4314834886,-99.1259717478","{""type"": ""MultiPoint"", ""coordinates"": [[-99.1259717477648, 19.43148348863708]]}",006_026_38,Cuautémoc,A,Hotel,Soledad
174,"19.436478023,-99.1462458092","{""type"": ""MultiPoint"", ""coordinates"": [[-99.14624580915935, 19.43647802297863]]}",002_005_16,Cuautémoc,B,Museo,Laboratorio Arte Alameda
175,"19.4291934671,-99.1323328561","{""type"": ""MultiPoint"", ""coordinates"": [[-99.13233285613956, 19.429193467082538]]}",006_073_11,Cuautémoc,A,Museo,La Ciudad de México
176,"19.4349517474,-99.1321782303","{""type"": ""MultiPoint"", ""coordinates"": [[-99.13217823031684, 19.43495174741418]]}",004_094_04,Cuautémoc,A,Museo,Fotografía
177,"19.43138889,-99.1370037108","{""type"": ""MultiPoint"", ""coordinates"": [[-99.13700371076403, 19.43138889000033]]}",001_030_06,Cuautémoc,A,Museo,Centro de Exposiciones Canter Europa
178,"19.4457531395,-99.1485982115","{""type"": ""MultiPoint"", ""coordinates"": [[-99.14859821149575, 19.445753139506888]]}",012_069_11,Cuautémoc,B,Hotel,Norte
179,"19.421906236,-99.1246612487","{""type"": ""Polygon"", ""coordinates"": [[[-99.12508017766741, 19.422406695816928], [-99.12496318262161, 19.422393213607116], [-99.124375942394, 19.422325575142377], [-99.12417866336757, 19.422302844589147], [-99.12423490467386, 19.42187213476893], [-99.1241675652546, 19.421864172222282], [-99.12417751637003, 19.421773653820605], [-99.12420387773153, 19.42153377643415], [-99.12421824619892, 19.421403091837693], [-99.12480324676304, 19.421468851978197], [-99.12479795296463, 19.42151241340908], [-99.12482056752246, 19.421515190970855], [-99.12495832979555, 19.421532091551278], [-99.12518559858397, 19.4215599754661], [-99.12508017766741, 19.422406695816928]]]}",423_006_01,Venustiano Carranza,B,Mercado,Mercado Sonora
180,"19.4357633849,-99.1330511805","{""type"": ""MultiPoint"", ""coordinates"": [[-99.13305118045062, 19.435763384912807]]}",004_094_32,Cuautémoc,A,Hotel,"Catedral, S.A. DE C.V."
181,"19.4451852396,-99.1478597989","{""type"": ""MultiPoint"", ""coordinates"": [[-99.14785979893543, 19.445185239584486]]}",012_103_01,Cuautémoc,B,Hotel,Yale
182,"19.42407591,-99.1424737531","{""type"": ""MultiPoint"", ""coordinates"": [[-99.14247375305315, 19.42407591]]}",001_094_26,Cuautémoc,B,Hotel,Macao
183,"19.43807011,-99.13611488","{""type"": ""MultiPoint"", ""coordinates"": [[-99.13611488, 19.43807011]]}",004_075_07,Cuautémoc,A,Hotel,"Antillas, S.A."
184,"19.4306993983,-99.1389056387","{""type"": ""MultiPoint"", ""coordinates"": [[-99.13890563870947, 19.430699398282812]]}",001_043_01,Cuautémoc,A,Hotel,"La Casa de la Luna, S.A. DE C.V."
185,"19.42697144,-99.1415371446","{""type"": ""MultiPoint"", ""coordinates"": [[-99.1415371446085, 19.42697143996823]]}",001_065_14,Cuautémoc,A,Hotel,Virreyes
186,"19.4275038262,-99.1346778267","{""type"": ""MultiPoint"", ""coordinates"": [[-99.13467782672365, 19.42750382616729]]}",001_052_24,Cuautémoc,A,Museo,Casa de la Memoria Indómita
187,"19.4252269549,-99.1252325326","{""type"": ""MultiPoint"", ""coordinates"": [[-99.12523253262276, 19.425226954929265]]}",323_118_36,Venustiano Carranza,B,Hotel,Necaxa
188,"19.4281241134,-99.1460742157","{""type"": ""MultiPoint"", ""coordinates"": [[-99.1460742156506, 19.428124113427042]]}",002_067_08,Cuautémoc,B,Hotel,Manolo 1
189,"19.4391465533,-99.1320851586","{""type"": ""MultiPoint"", ""coordinates"": [[-99.13208515857905, 19.439146553253355]]}",004_081_30,Cuautémoc,A,Museo,La Mujer
190,"19.43311885,-99.14512643","{""type"": ""MultiPoint"", ""coordinates"": [[-99.14512642999998, 19.43311885]]}",002_019_02,Cuautémoc,B,Hotel,Metropol
191,"19.43985567,-99.14782916","{""type"": ""MultiPoint"", ""coordinates"": [[-99.14782915999997, 19.43985567]]}",003_079_12,Cuautémoc,B,Hotel,Ferrol
192,"19.4313325389,-99.1497520491","{""type"": ""MultiPoint"", ""coordinates"": [[-99.14975204912912, 19.431332538918404]]}",002_052_04,Cuautémoc,B,Hotel,Panuco
193,"19.4269448376,-99.1305051483","{""type"": ""MultiPoint"", ""coordinates"": [[-99.13050514832948, 19.42694483755943]]}",006_091_20,Cuautémoc,A,Hotel,Regina
194,"19.4288786806,-99.1456731565","{""type"": ""MultiPoint"", ""coordinates"": [[-99.14567315653163, 19.42887868057971]]}",002_060_04,Cuautémoc,B,Hotel,"San Diego, S.A. DE C.V."
195,"19.4414840739,-99.1394736635","{""type"": ""MultiPoint"", ""coordinates"": [[-99.1394736634886, 19.44148407391426]]}",004_050_13,Cuautémoc,B,Hotel,Emperador
196,"19.4437017048,-99.1325438818","{""type"": ""MultiPoint"", ""coordinates"": [[-99.13254388175187, 19.443701704813744]]}",004_043_06,Cuautémoc,B,Hotel,Boston
197,"19.4399151122,-99.149385962","{""type"": ""MultiPoint"", ""coordinates"": [[-99.14938596200373, 19.439915112249263]]}",012_153_01,Cuautémoc,B,Hotel,Mina
198,"19.4265500891,-99.137772913","{""type"": ""MultiPoint"", ""coordinates"": [[-99.13777291299675, 19.426550089113935]]}",001_066_05,Cuautémoc,A,Hotel,Torreon
199,"19.4330530554,-99.1343604057","{""type"": ""MultiPoint"", ""coordinates"": [[-99.1343604056506, 19.43305305541916]]}",001_024_01,Cuautémoc,A,Hotel,Majestic
200,"19.4340073515,-99.1372646267","{""type"": ""MultiPoint"", ""coordinates"": [[-99.13726462668194, 19.434007351520876]]}",001_014_02,Cuautémoc,A,Hotel,Buenos Aires
201,"19.4303279904,-99.1362313323","{""type"": ""MultiPoint"", ""coordinates"": [[-99.13623133233867, 19.43032799037065]]}",001_041_12,Cuautémoc,A,Hotel,Montecarlo
202,"19.43916542,-99.1331749","{""type"": ""MultiPoint"", ""coordinates"": [[-99.13317489995408, 19.43916542]]}",004_081_23,Cuautémoc,A,Hotel,Río de Janeiro
203,"19.4298553268,-99.1327269808","{""type"": ""MultiPoint"", ""coordinates"": [[-99.13272698083523, 19.4298553267505]]}",001_039_28,Cuautémoc,A,Hotel,Roble
204,"19.4260286762,-99.1249971994","{""type"": ""Polygon"", ""coordinates"": [[[-99.12530656932617, 19.426269969894033], [-99.12463325210133, 19.426190112545374], [-99.12465696982397, 19.426014567159296], [-99.12466429397175, 19.42596040454479], [-99.12468467380673, 19.42580954747802], [-99.12468538905455, 19.42580425583179], [-99.12469059970209, 19.425788535120592], [-99.12536027984414, 19.425866061590025], [-99.12530656932617, 19.426269969894033]]]}",323_138_01,Venustiano Carranza,B,Mercado,Florería
205,"19.435760727,-99.1309926143","{""type"": ""MultiPoint"", ""coordinates"": [[-99.13099261433761, 19.435760727001917]]}",005_129_16,Cuautémoc,A,Museo,Anfiteatro Bolivar
206,"19.4298259264,-99.1386360482","{""type"": ""MultiPoint"", ""coordinates"": [[-99.13863604824077, 19.42982592643274]]}",001_047_36,Cuautémoc,A,Museo,Instituto Cultural México-Israel
207,"19.4344738803,-99.1305689118","{""type"": ""MultiPoint"", ""coordinates"": [[-99.13056891184468, 19.434473880296345]]}",006_002_13,Cuautémoc,A,Museo,Autonomía Universitaria
208,"19.423857491,-99.1225572301","{""type"": ""MultiPoint"", ""coordinates"": [[-99.12255723005443, 19.423857490992155]]}",323_108_11,Venustiano Carranza,B,Hotel,Juárez
209,"19.4236610108,-99.1437572917","{""type"": ""MultiPoint"", ""coordinates"": [[-99.14375729173669, 19.42366101076359]]}",002_087_02,Cuautémoc,B,Hotel,Catalina
210,"19.43082385,-99.12366058","{""type"": ""MultiPoint"", ""coordinates"": [[-99.12366057999998, 19.43082385]]}",323_029_08,Venustiano Carranza,B,Hotel,Hispano
211,"19.4325804122,-99.146356862","{""type"": ""MultiPoint"", ""coordinates"": [[-99.1463568619544, 19.432580412218172]]}",002_032_01,Cuautémoc,B,Hotel,Fleming
212,"19.42155871,-99.1426572917","{""type"": ""MultiPoint"", ""coordinates"": [[-99.14265729170123, 19.42155871003534]]}",001_095_08,Cuautémoc,B,Hotel,Orense
213,"19.432385153,-99.1274363518","{""type"": ""MultiPoint"", ""coordinates"": [[-99.12743635177215, 19.432385152957654]]}",006_018_09,Cuautémoc,A,Hotel,Nevada
214,"19.4345555,-99.13559257","{""type"": ""MultiPoint"", ""coordinates"": [[-99.13559256999999, 19.4345555]]}",001_006_10,Cuautémoc,A,Hotel,Juárez
215,"19.4383767258,-99.1331865203","{""type"": ""MultiPoint"", ""coordinates"": [[-99.13318652033406, 19.438376725845487]]}",004_082_16,Cuautémoc,A,Hotel,"La Fontelina , S.A. DE C.V."
216,"19.4247697438,-99.1249707246","{""type"": ""Polygon"", ""coordinates"": [[[-99.12506909410375, 19.424287842761057], [-99.12519163860148, 19.424305723974378], [-99.12519592134765, 19.42430777485581], [-99.12519637821123, 19.424307847203643], [-99.12519003476312, 19.42436178431606], [-99.12518578034182, 19.424398022327185], [-99.12517233984472, 19.42451229892854], [-99.12517076589609, 19.424525708708103], [-99.12511933923548, 19.424521073349275], [-99.12511716550435, 19.42453495257134], [-99.12511356166122, 19.42455806053138], [-99.12509304458828, 19.424689366829387], [-99.12510980591617, 19.424691592155526], [-99.12510980591617, 19.424691592155526], [-99.12509572577068, 19.424813074856942], [-99.12513693950366, 19.42481681387026], [-99.12512720663541, 19.425172699581072], [-99.12512561706559, 19.42517267212512], [-99.12512408559552, 19.425243433962198], [-99.12498682433977, 19.42522780691742], [-99.12480455222135, 19.425205369478313], [-99.12474126651554, 19.425196396680363], [-99.12487632604089, 19.42425844054186], [-99.12506909410375, 19.424287842761057]]]}",323_118_37,Venustiano Carranza,B,Mercado,Lamininas de La Merced
217,"19.4362953518,-99.1507412122","{""type"": ""MultiPoint"", ""coordinates"": [[-99.15074121218733, 19.436295351789028]]}",011_265_07,Cuautémoc,B,Hotel,"Suites DF, S. DE R.L. DE C.V."
218,"19.4289336971,-99.145931033","{""type"": ""MultiPoint"", ""coordinates"": [[-99.14593103303795, 19.42893369708718]]}",002_067_02,Cuautémoc,B,Hotel,Bets Western Estoril
219,"19.4234096295,-99.1438351156","{""type"": ""MultiPoint"", ""coordinates"": [[-99.14383511564554, 19.42340962947213]]}",002_118_03,Cuautémoc,B,Hotel,Prado Floresta
220,"19.4331382067,-99.125997696","{""type"": ""MultiPoint"", ""coordinates"": [[-99.12599769596785, 19.433138206731265]]}",006_008_08,Cuautémoc,A,Hotel,México Nuevo
221,"19.4386933829,-99.1481075783","{""type"": ""MultiPoint"", ""coordinates"": [[-99.1481075782582, 19.43869338292016]]}",003_103_26,Cuautémoc,A,Hotel,San Fernando
222,"19.4397905042,-99.134628735","{""type"": ""MultiPoint"", ""coordinates"": [[-99.13462873503441, 19.439790504237568]]}",004_063_10,Cuautémoc,A,Hotel,Ladero
223,"19.4285106481,-99.1367967407","{""type"": ""MultiPoint"", ""coordinates"": [[-99.1367967406847, 19.428510648062776]]}",001_055_10,Cuautémoc,A,Hotel,Niza
224,"19.4238397797,-99.1371356587","{""type"": ""MultiPoint"", ""coordinates"": [[-99.13713565868859, 19.423839779749827]]}",001_109_11,Cuautémoc,B,Hotel,"Costa Azul, SA DE CV"
225,"19.43094655,-99.12455418","{""type"": ""MultiPoint"", ""coordinates"": [[-99.12455417999998, 19.43094655]]}",323_027_04,Venustiano Carranza,B,Hotel,Gran Veracruz
226,"19.4416748524,-99.1365878489","{""type"": ""Polygon"", ""coordinates"": [[[-99.13701280947748, 19.441947257278443], [-99.13692761223277, 19.44193982029736], [-99.13675275351575, 19.441923067157838], [-99.1366243867982, 19.44191043041214], [-99.13649103182055, 19.441898424868985], [-99.13634112306686, 19.441884113703367], [-99.13622464571006, 19.441873736266235], [-99.13609887798128, 19.44186048552288], [-99.1361238228434, 19.441636283558573], [-99.1361239920988, 19.441596766659554], [-99.13613679772662, 19.44148441287865], [-99.1361458655975, 19.441404802609945], [-99.13709307386698, 19.441493954578355], [-99.1370888869744, 19.441537290670073], [-99.13708376697522, 19.44158175540555], [-99.13707084245385, 19.44167095534667], [-99.13706947879064, 19.44168408529048], [-99.13706526385033, 19.44172455874661], [-99.13703729629508, 19.441722386868978], [-99.13701280947748, 19.441947257278443]]]}",004_052_01,Cuauhtémoc,B,Mercado,De Muebles
227,"19.4307201342,-99.1491381087","{""type"": ""Polygon"", ""coordinates"": [[[-99.14987966987799, 19.431194462027957], [-99.14824912210523, 19.430952314686195], [-99.14839033611996, 19.430250740061723], [-99.14887065274628, 19.43031813698765], [-99.14912730214597, 19.43035414836875], [-99.14940318858544, 19.43039408043065], [-99.14963120620223, 19.43042708122351], [-99.15002595150646, 19.430484217459806], [-99.1500078282732, 19.430572198866514], [-99.14999350490376, 19.43064174959806], [-99.14994442060492, 19.430880093132924], [-99.14987966987799, 19.431194462027957]]]}",002_052_02,Cuauhtémoc,B,Mercado,Artesanías Ciudadela
228,"19.4406567734,-99.1394531646","{""type"": ""MultiPoint"", ""coordinates"": [[-99.1394531646438, 19.440656773358118]]}",004_069_01,Cuautémoc,B,Museo,Tequila y Mescal
229,"19.4346765421,-99.1318394918","{""type"": ""MultiPoint"", ""coordinates"": [[-99.13183949184467, 19.434676542124407]]}",005_145_14,Cuautémoc,A,Museo,Templo Mayor
